Date,Nilai,Kurs Jual,Kurs Beli
1/2/2015,1,12536,12412
1/5/2015,1,12652,12526
1/6/2015,1,12721,12595
1/7/2015,1,12796,12668
1/8/2015,1,12795,12667
1/9/2015,1,12703,12577
1/12/2015,1,12631,12505
1/13/2015,1,12671,12545
1/14/2015,1,12643,12517
1/15/2015,1,12680,12554
1/16/2015,1,12656,12530
1/19/2015,1,12675,12549
1/20/2015,1,12722,12596
1/21/2015,1,12620,12494
1/22/2015,1,12513,12389
1/23/2015,1,12506,12382
1/26/2015,1,12580,12454
1/27/2015,1,12555,12431
1/28/2015,1,12560,12436
1/29/2015,1,12578,12452
1/30/2015,1,12688,12562
2/2/2015,1,12764,12636
2/3/2015,1,12706,12580
2/4/2015,1,12672,12546
2/5/2015,1,12716,12590
2/6/2015,1,12676,12550
2/9/2015,1,12742,12616
2/10/2015,1,12707,12581
2/11/2015,1,12764,12636
2/12/2015,1,12858,12730
2/13/2015,1,12833,12705
2/16/2015,1,12806,12678
2/17/2015,1,12821,12693
2/18/2015,1,12868,12740
2/20/2015,1,12913,12785
2/23/2015,1,12877,12749
2/24/2015,1,12930,12802
2/25/2015,1,12951,12823
2/26/2015,1,12926,12798
2/27/2015,1,12927,12799
3/2/2015,1,13058,12928
3/3/2015,1,13027,12897
3/4/2015,1,13028,12898
3/5/2015,1,13087,12957
3/6/2015,1,13048,12918
3/9/2015,1,13112,12982
3/10/2015,1,13124,12994
3/11/2015,1,13230,13098
3/12/2015,1,13242,13110
3/13/2015,1,13257,13125
3/16/2015,1,13303,13171
3/17/2015,1,13275,13143
3/18/2015,1,13230,13098
3/19/2015,1,13073,12943
3/20/2015,1,13140,13010
3/23/2015,1,13141,13011
3/24/2015,1,13037,12907
3/25/2015,1,12997,12867
3/26/2015,1,13068,12938
3/27/2015,1,13129,12999
3/30/2015,1,13151,13021
3/31/2015,1,13149,13019
4/1/2015,1,13108,12978
4/2/2015,1,13065,12935
4/6/2015,1,13007,12877
4/7/2015,1,13047,12917
4/8/2015,1,13067,12937
4/9/2015,1,13038,12908
4/10/2015,1,12975,12845
4/13/2015,1,13010,12880
4/14/2015,1,13044,12914
4/15/2015,1,13041,12911
4/16/2015,1,12902,12774
4/17/2015,1,12927,12799
4/20/2015,1,12939,12811
4/21/2015,1,13007,12877
4/22/2015,1,13017,12887
4/23/2015,1,13004,12874
4/24/2015,1,13006,12876
4/27/2015,1,12987,12857
4/28/2015,1,13043,12913
4/29/2015,1,13029,12899
4/30/2015,1,13002,12872
5/4/2015,1,13086,12956
5/5/2015,1,13058,12928
5/6/2015,1,13105,12975
5/7/2015,1,13130,13000
5/8/2015,1,13243,13111
5/11/2015,1,13182,13050
5/12/2015,1,13269,13137
5/13/2015,1,13254,13122
5/15/2015,1,13155,13025
5/18/2015,1,13182,13050
5/19/2015,1,13249,13117
5/20/2015,1,13235,13103
5/21/2015,1,13216,13084
5/22/2015,1,13202,13070
5/25/2015,1,13252,13120
5/26/2015,1,13258,13126
5/27/2015,1,13295,13163
5/28/2015,1,13271,13139
5/29/2015,1,13277,13145
6/1/2015,1,13296,13164
6/3/2015,1,13262,13130
6/4/2015,1,13309,13177
6/5/2015,1,13354,13222
6/8/2015,1,13427,13293
6/9/2015,1,13429,13295
6/10/2015,1,13396,13262
6/11/2015,1,13358,13226
6/12/2015,1,13384,13250
6/15/2015,1,13400,13266
6/16/2015,1,13400,13266
6/17/2015,1,13434,13300
6/18/2015,1,13408,13274
6/19/2015,1,13391,13257
6/22/2015,1,13385,13251
6/23/2015,1,13383,13249
6/24/2015,1,13346,13214
6/25/2015,1,13390,13256
6/26/2015,1,13405,13271
6/29/2015,1,13423,13289
6/30/2015,1,13399,13265
7/1/2015,1,13398,13264
7/2/2015,1,13404,13270
7/3/2015,1,13383,13249
7/6/2015,1,13420,13286
7/7/2015,1,13380,13246
7/8/2015,1,13413,13279
7/9/2015,1,13414,13280
7/10/2015,1,13371,13237
7/13/2015,1,13376,13242
7/14/2015,1,13387,13253
7/15/2015,1,13396,13262
7/22/2015,1,13435,13301
7/23/2015,1,13461,13327
7/24/2015,1,13515,13381
7/27/2015,1,13520,13386
7/28/2015,1,13527,13393
7/29/2015,1,13511,13377
7/30/2015,1,13535,13401
7/31/2015,1,13548,13414
8/3/2015,1,13559,13425
8/4/2015,1,13562,13428
8/5/2015,1,13585,13449
8/6/2015,1,13597,13461
8/7/2015,1,13604,13468
8/10/2015,1,13604,13468
8/11/2015,1,13609,13473
8/12/2015,1,13827,13689
8/13/2015,1,13816,13678
8/14/2015,1,13832,13694
8/18/2015,1,13900,13762
8/19/2015,1,13893,13755
8/20/2015,1,13907,13769
8/21/2015,1,13964,13826
8/24/2015,1,14068,13928
8/25/2015,1,14137,13997
8/26/2015,1,14173,14031
8/27/2015,1,14199,14057
8/28/2015,1,14081,13941
8/31/2015,1,14097,13957
9/1/2015,1,14151,14011
9/2/2015,1,14198,14056
9/3/2015,1,14231,14089
9/4/2015,1,14249,14107
9/7/2015,1,14305,14163
9/8/2015,1,14356,14214
9/9/2015,1,14315,14173
9/10/2015,1,14394,14250
9/11/2015,1,14378,14234
9/14/2015,1,14394,14250
9/15/2015,1,14443,14299
9/16/2015,1,14514,14370
9/17/2015,1,14524,14380
9/18/2015,1,14535,14391
9/21/2015,1,14523,14379
9/22/2015,1,14558,14414
9/23/2015,1,14696,14550
9/25/2015,1,14763,14617
9/28/2015,1,14769,14623
9/29/2015,1,14802,14654
9/30/2015,1,14730,14584
10/1/2015,1,14727,14581
10/2/2015,1,14783,14635
10/5/2015,1,14677,14531
10/6/2015,1,14454,14310
10/7/2015,1,14135,13995
10/8/2015,1,13878,13740
10/9/2015,1,13589,13453
10/12/2015,1,13533,13399
10/13/2015,1,13625,13489
10/15/2015,1,13354,13222
10/16/2015,1,13602,13466
10/19/2015,1,13631,13495
10/20/2015,1,13702,13566
10/21/2015,1,13764,13628
10/22/2015,1,13708,13572
10/23/2015,1,13558,13424
10/26/2015,1,13711,13575
10/27/2015,1,13694,13558
10/28/2015,1,13698,13562
10/29/2015,1,13630,13494
10/30/2015,1,13707,13571
11/2/2015,1,13750,13614
11/3/2015,1,13662,13526
11/4/2015,1,13528,13394
11/5/2015,1,13671,13535
11/6/2015,1,13618,13482
11/9/2015,1,13755,13619
11/10/2015,1,13687,13551
11/11/2015,1,13644,13508
11/12/2015,1,13643,13507
11/13/2015,1,13701,13565
11/16/2015,1,13801,13663
11/17/2015,1,13780,13642
11/18/2015,1,13832,13694
11/19/2015,1,13856,13718
11/20/2015,1,13808,13670
11/23/2015,1,13764,13628
11/24/2015,1,13792,13654
11/25/2015,1,13741,13605
11/26/2015,1,13802,13664
11/27/2015,1,13816,13678
11/30/2015,1,13909,13771
12/1/2015,1,13877,13739
12/2/2015,1,13826,13688
12/3/2015,1,13914,13776
12/4/2015,1,13902,13764
12/7/2015,1,13906,13768
12/8/2015,1,13922,13784
12/10/2015,1,14024,13884
12/11/2015,1,14007,13867
12/14/2015,1,14146,14006
12/15/2015,1,14135,13995
12/16/2015,1,14120,13980
12/17/2015,1,14098,13958
12/18/2015,1,14102,13962
12/21/2015,1,13941,13803
12/22/2015,1,13683,13547
12/23/2015,1,13712,13576
12/28/2015,1,13707,13571
12/29/2015,1,13726,13590
12/30/2015,1,13863,13725
12/31/2015,1,13864,13726
1/4/2016,1,13967,13829
1/5/2016,1,14001,13861
1/6/2016,1,13932,13794
1/7/2016,1,14016,13876
1/8/2016,1,13943,13805
1/11/2016,1,14005,13865
1/12/2016,1,13904,13766
1/13/2016,1,13930,13792
1/14/2016,1,13946,13808
1/15/2016,1,13955,13817
1/18/2016,1,14001,13861
1/19/2016,1,13991,13851
1/20/2016,1,13965,13827
1/21/2016,1,13968,13830
1/22/2016,1,13943,13805
1/25/2016,1,13913,13775
1/26/2016,1,13974,13834
1/27/2016,1,13940,13802
1/28/2016,1,13958,13820
1/29/2016,1,13915,13777
2/1/2016,1,13767,13631
2/2/2016,1,13689,13553
2/3/2016,1,13826,13688
2/4/2016,1,13730,13594
2/5/2016,1,13721,13585
2/9/2016,1,13757,13621
2/10/2016,1,13606,13470
2/11/2016,1,13436,13302
2/12/2016,1,13538,13404
2/15/2016,1,13543,13409
2/16/2016,1,13400,13266
2/17/2016,1,13572,13436
2/18/2016,1,13546,13412
2/19/2016,1,13617,13481
2/22/2016,1,13527,13393
2/23/2016,1,13464,13330
2/24/2016,1,13513,13379
2/25/2016,1,13483,13349
2/26/2016,1,13467,13333
2/29/2016,1,13462,13328
3/1/2016,1,13434,13300
3/2/2016,1,13381,13247
3/3/2016,1,13326,13194
3/4/2016,1,13225,13093
3/7/2016,1,13094,12964
3/8/2016,1,13194,13062
3/10/2016,1,13215,13083
3/11/2016,1,13152,13022
3/14/2016,1,13085,12955
3/15/2016,1,13152,13022
3/16/2016,1,13235,13103
3/17/2016,1,13232,13100
3/18/2016,1,13113,12983
3/21/2016,1,13226,13094
3/22/2016,1,13241,13109
3/23/2016,1,13233,13101
3/24/2016,1,13316,13184
3/28/2016,1,13390,13256
3/29/2016,1,13430,13296
3/30/2016,1,13426,13292
3/31/2016,1,13342,13210
4/1/2016,1,13266,13134
4/4/2016,1,13211,13079
4/5/2016,1,13283,13151
4/6/2016,1,13289,13157
4/7/2016,1,13263,13131
4/8/2016,1,13235,13103
4/11/2016,1,13200,13068
4/12/2016,1,13189,13057
4/13/2016,1,13161,13031
4/14/2016,1,13304,13172
4/15/2016,1,13232,13100
4/18/2016,1,13270,13138
4/19/2016,1,13216,13084
4/20/2016,1,13199,13067
4/21/2016,1,13248,13116
4/22/2016,1,13235,13103
4/25/2016,1,13301,13169
4/26/2016,1,13281,13149
4/27/2016,1,13239,13107
4/28/2016,1,13270,13138
4/29/2016,1,13270,13138
5/2/2016,1,13258,13126
5/3/2016,1,13228,13096
5/4/2016,1,13312,13180
5/9/2016,1,13350,13218
5/10/2016,1,13400,13266
5/11/2016,1,13337,13205
5/12/2016,1,13365,13233
5/13/2016,1,13378,13244
5/16/2016,1,13395,13261
5/17/2016,1,13344,13212
5/18/2016,1,13386,13252
5/19/2016,1,13534,13400
5/20/2016,1,13641,13505
5/23/2016,1,13675,13539
5/24/2016,1,13674,13538
5/25/2016,1,13739,13603
5/26/2016,1,13683,13547
5/27/2016,1,13643,13507
5/30/2016,1,13709,13573
5/31/2016,1,13683,13547
6/1/2016,1,13739,13603
6/2/2016,1,13763,13627
6/3/2016,1,13680,13544
6/6/2016,1,13545,13411
6/7/2016,1,13442,13308
6/8/2016,1,13307,13175
6/9/2016,1,13297,13165
6/10/2016,1,13376,13242
6/13/2016,1,13408,13274
6/14/2016,1,13339,13207
6/15/2016,1,13465,13331
6/16/2016,1,13394,13260
6/17/2016,1,13425,13291
6/20/2016,1,13326,13194
6/21/2016,1,13352,13220
6/22/2016,1,13364,13232
6/23/2016,1,13331,13199
6/24/2016,1,13362,13230
6/27/2016,1,13562,13428
6/28/2016,1,13322,13190
6/29/2016,1,13232,13100
6/30/2016,1,13246,13114
7/1/2016,1,13238,13106
7/4/2016,1,13238,13106
7/11/2016,1,13178,13046
7/12/2016,1,13217,13085
7/13/2016,1,13160,13030
7/14/2016,1,13153,13023
7/15/2016,1,13151,13021
7/18/2016,1,13178,13046
7/19/2016,1,13151,13021
7/20/2016,1,13166,13034
7/21/2016,1,13188,13056
7/22/2016,1,13168,13036
7/25/2016,1,13201,13069
7/26/2016,1,13216,13084
7/27/2016,1,13196,13064
7/28/2016,1,13179,13047
7/29/2016,1,13159,13029
8/1/2016,1,13145,13015
8/2/2016,1,13144,13014
8/3/2016,1,13180,13048
8/4/2016,1,13204,13072
8/5/2016,1,13191,13059
8/8/2016,1,13210,13078
8/9/2016,1,13199,13067
8/10/2016,1,13189,13057
8/11/2016,1,13179,13047
8/12/2016,1,13186,13054
8/15/2016,1,13187,13055
8/16/2016,1,13163,13033
8/18/2016,1,13180,13048
8/19/2016,1,13185,13053
8/22/2016,1,13263,13131
8/23/2016,1,13282,13150
8/24/2016,1,13318,13186
8/25/2016,1,13333,13201
8/26/2016,1,13308,13176
8/29/2016,1,13341,13209
8/30/2016,1,13326,13194
8/31/2016,1,13367,13233
9/1/2016,1,13335,13203
9/2/2016,1,13327,13195
9/5/2016,1,13263,13131
9/6/2016,1,13228,13096
9/7/2016,1,13151,13021
9/8/2016,1,13155,13025
9/9/2016,1,13154,13024
9/13/2016,1,13217,13085
9/14/2016,1,13294,13162
9/15/2016,1,13256,13124
9/16/2016,1,13197,13065
9/19/2016,1,13230,13098
9/20/2016,1,13208,13076
9/21/2016,1,13214,13082
9/22/2016,1,13163,13033
9/23/2016,1,13163,13033
9/26/2016,1,13141,13011
9/27/2016,1,13092,12962
9/28/2016,1,12991,12861
9/29/2016,1,13017,12887
9/30/2016,1,13063,12933
10/3/2016,1,13075,12945
10/4/2016,1,13053,12923
10/5/2016,1,13060,12930
10/6/2016,1,13057,12927
10/7/2016,1,13067,12937
10/10/2016,1,13034,12904
10/11/2016,1,13057,12927
10/12/2016,1,13088,12958
10/13/2016,1,13093,12963
10/14/2016,1,13112,12982
10/17/2016,1,13119,12989
10/18/2016,1,13109,12979
10/19/2016,1,13072,12942
10/20/2016,1,13064,12934
10/21/2016,1,13085,12955
10/24/2016,1,13112,12982
10/25/2016,1,13087,12957
10/26/2016,1,13062,12932
10/27/2016,1,13092,12962
10/28/2016,1,13113,12983
10/31/2016,1,13116,12986
11/1/2016,1,13101,12971
11/2/2016,1,13123,12993
11/3/2016,1,13115,12985
11/4/2016,1,13169,13037
11/7/2016,1,13147,13017
11/8/2016,1,13155,13025
11/9/2016,1,13149,13019
11/10/2016,1,13184,13052
11/11/2016,1,13417,13283
11/14/2016,1,13425,13291
11/15/2016,1,13405,13271
11/16/2016,1,13414,13280
11/17/2016,1,13452,13318
11/18/2016,1,13475,13341
11/21/2016,1,13505,13371
11/22/2016,1,13491,13357
11/23/2016,1,13540,13406
11/24/2016,1,13608,13472
11/25/2016,1,13638,13502
11/28/2016,1,13534,13400
11/29/2016,1,13617,13481
11/30/2016,1,13631,13495
12/1/2016,1,13650,13514
12/2/2016,1,13592,13456
12/5/2016,1,13584,13448
12/6/2016,1,13472,13338
12/7/2016,1,13403,13269
12/8/2016,1,13371,13237
12/9/2016,1,13404,13270
12/13/2016,1,13376,13242
12/14/2016,1,13351,13219
12/15/2016,1,13434,13300
12/16/2016,1,13493,13359
12/19/2016,1,13448,13314
12/20/2016,1,13460,13326
12/21/2016,1,13540,13406
12/22/2016,1,13502,13368
12/23/2016,1,13537,13403
12/27/2016,1,13503,13369
12/28/2016,1,13514,13380
12/29/2016,1,13540,13406
12/30/2016,1,13503,13369
12/31/2016,1,13503,13369
1/3/2017,1,13552,13418
1/4/2017,1,13545,13411
1/5/2017,1,13437,13303
1/6/2017,1,13414,13280
1/9/2017,1,13452,13318
1/10/2017,1,13387,13253
1/11/2017,1,13394,13260
1/12/2017,1,13354,13222
1/13/2017,1,13375,13241
1/16/2017,1,13421,13287
1/17/2017,1,13448,13314
1/18/2017,1,13395,13261
1/19/2017,1,13443,13309
1/20/2017,1,13449,13315
1/23/2017,1,13439,13305
1/24/2017,1,13397,13263
1/25/2017,1,13407,13273
1/26/2017,1,13392,13258
1/27/2017,1,13426,13292
1/30/2017,1,13402,13268
1/31/2017,1,13410,13276
2/1/2017,1,13416,13282
2/2/2017,1,13441,13307
2/3/2017,1,13429,13295
2/6/2017,1,13396,13262
2/7/2017,1,13389,13255
2/8/2017,1,13404,13270
2/9/2017,1,13375,13241
2/10/2017,1,13385,13251
2/13/2017,1,13397,13263
2/14/2017,1,13397,13263
2/16/2017,1,13396,13262
2/17/2017,1,13395,13261
2/20/2017,1,13419,13285
2/21/2017,1,13437,13303
2/22/2017,1,13423,13289
2/23/2017,1,13427,13293
2/24/2017,1,13403,13269
2/27/2017,1,13406,13272
2/28/2017,1,13414,13280
3/1/2017,1,13428,13294
3/2/2017,1,13428,13294
3/3/2017,1,13442,13308
3/6/2017,1,13431,13297
3/7/2017,1,13417,13283
3/8/2017,1,13407,13273
3/9/2017,1,13440,13306
3/10/2017,1,13460,13326
3/13/2017,1,13431,13297
3/14/2017,1,13427,13293
3/15/2017,1,13442,13308
3/16/2017,1,13403,13269
3/17/2017,1,13409,13275
3/20/2017,1,13396,13262
3/21/2017,1,13375,13241
3/22/2017,1,13402,13268
3/23/2017,1,13399,13265
3/24/2017,1,13396,13262
3/27/2017,1,13381,13247
3/29/2017,1,13390,13256
3/30/2017,1,13383,13249
3/31/2017,1,13388,13254
4/3/2017,1,13391,13257
4/4/2017,1,13393,13259
4/5/2017,1,13396,13262
4/6/2017,1,13394,13260
4/7/2017,1,13408,13274
4/10/2017,1,13390,13256
4/11/2017,1,13348,13216
4/12/2017,1,13364,13232
4/13/2017,1,13330,13198
4/17/2017,1,13321,13189
4/18/2017,1,13365,13233
4/19/2017,1,13365,13233
4/20/2017,1,13395,13261
4/21/2017,1,13387,13253
4/25/2017,1,13362,13230
4/26/2017,1,13344,13212
4/27/2017,1,13365,13233
4/28/2017,1,13394,13260
5/2/2017,1,13383,13249
5/3/2017,1,13363,13231
5/4/2017,1,13397,13263
5/5/2017,1,13406,13272
5/8/2017,1,13391,13257
5/9/2017,1,13384,13250
5/10/2017,1,13422,13288
5/12/2017,1,13407,13273
5/15/2017,1,13386,13252
5/16/2017,1,13364,13232
5/17/2017,1,13373,13239
5/18/2017,1,13410,13276
5/19/2017,1,13477,13343
5/22/2017,1,13363,13231
5/23/2017,1,13362,13230
5/24/2017,1,13383,13249
5/26/2017,1,13361,13229
5/29/2017,1,13379,13245
5/30/2017,1,13403,13269
5/31/2017,1,13388,13254
6/2/2017,1,13378,13244
6/5/2017,1,13353,13221
6/6/2017,1,13351,13219
6/7/2017,1,13374,13240
6/8/2017,1,13383,13249
6/9/2017,1,13358,13226
6/12/2017,1,13358,13226
6/13/2017,1,13360,13228
6/14/2017,1,13352,13220
6/15/2017,1,13348,13216
6/16/2017,1,13364,13232
6/19/2017,1,13352,13220
6/20/2017,1,13363,13231
6/21/2017,1,13368,13234
6/22/2017,1,13386,13252
6/30/2017,1,13386,13252
7/3/2017,1,13392,13258
7/4/2017,1,13453,13319
7/5/2017,1,13416,13282
7/6/2017,1,13431,13297
7/7/2017,1,13464,13330
7/10/2017,1,13475,13341
7/11/2017,1,13454,13320
7/12/2017,1,13435,13301
7/13/2017,1,13409,13275
7/14/2017,1,13414,13280
7/17/2017,1,13380,13246
7/18/2017,1,13381,13247
7/19/2017,1,13371,13237
7/20/2017,1,13387,13253
7/21/2017,1,13390,13256
7/24/2017,1,13386,13252
7/25/2017,1,13387,13253
7/26/2017,1,13401,13267
7/27/2017,1,13382,13248
7/28/2017,1,13393,13259
7/31/2017,1,13390,13256
8/1/2017,1,13385,13251
8/2/2017,1,13398,13264
8/3/2017,1,13397,13263
8/4/2017,1,13391,13257
8/7/2017,1,13386,13252
8/8/2017,1,13386,13252
8/9/2017,1,13391,13257
8/10/2017,1,13405,13271
8/11/2017,1,13437,13303
8/14/2017,1,13411,13277
8/15/2017,1,13411,13277
8/16/2017,1,13441,13307
8/18/2017,1,13435,13301
8/21/2017,1,13422,13288
8/22/2017,1,13405,13271
8/23/2017,1,13409,13275
8/24/2017,1,13421,13287
8/25/2017,1,13415,13281
8/28/2017,1,13405,13271
8/29/2017,1,13415,13281
8/30/2017,1,13410,13276
8/31/2017,1,13418,13284
9/4/2017,1,13412,13278
9/5/2017,1,13403,13269
9/6/2017,1,13404,13270
9/7/2017,1,13398,13264
9/8/2017,1,13350,13218
9/11/2017,1,13220,13088
9/12/2017,1,13252,13120
9/13/2017,1,13275,13143
9/14/2017,1,13305,13173
9/15/2017,1,13327,13195
9/18/2017,1,13304,13172
9/19/2017,1,13324,13192
9/20/2017,1,13336,13204
9/22/2017,1,13392,13258
9/25/2017,1,13372,13238
9/26/2017,1,13415,13281
9/27/2017,1,13451,13317
9/28/2017,1,13531,13397
9/29/2017,1,13559,13425
10/2/2017,1,13566,13432
10/3/2017,1,13650,13514
10/4/2017,1,13556,13422
10/5/2017,1,13550,13416
10/6/2017,1,13552,13418
10/9/2017,1,13572,13436
10/10/2017,1,13558,13424
10/11/2017,1,13577,13441
10/12/2017,1,13589,13453
10/13/2017,1,13576,13440
10/16/2017,1,13550,13416
10/17/2017,1,13557,13423
10/18/2017,1,13582,13446
10/19/2017,1,13589,13453
10/20/2017,1,13585,13449
10/23/2017,1,13603,13467
10/24/2017,1,13597,13461
10/25/2017,1,13638,13502
10/26/2017,1,13628,13492
10/27/2017,1,13698,13562
10/30/2017,1,13648,13512
10/31/2017,1,13640,13504
11/1/2017,1,13660,13524
11/2/2017,1,13630,13494
11/3/2017,1,13568,13432
11/6/2017,1,13597,13461
11/7/2017,1,13572,13436
11/8/2017,1,13592,13456
11/9/2017,1,13582,13446
11/10/2017,1,13582,13446
11/13/2017,1,13623,13487
11/14/2017,1,13610,13474
11/15/2017,1,13607,13471
11/16/2017,1,13606,13470
11/17/2017,1,13585,13449
11/20/2017,1,13597,13461
11/21/2017,1,13612,13476
11/22/2017,1,13591,13455
11/23/2017,1,13571,13435
11/24/2017,1,13574,13438
11/27/2017,1,13579,13443
11/28/2017,1,13595,13459
11/29/2017,1,13583,13447
11/30/2017,1,13582,13446
12/4/2017,1,13595,13459
12/5/2017,1,13583,13447
12/6/2017,1,13592,13456
12/7/2017,1,13620,13484
12/8/2017,1,13624,13488
12/11/2017,1,13614,13478
12/12/2017,1,13618,13482
12/13/2017,1,13657,13521
12/14/2017,1,13633,13497
12/15/2017,1,13641,13505
12/18/2017,1,13652,13516
12/19/2017,1,13655,13519
12/20/2017,1,13647,13511
12/21/2017,1,13613,13477
12/22/2017,1,13626,13490
12/27/2017,1,13630,13494
12/28/2017,1,13628,13492
12/29/2017,1,13616,13480
12/30/2017,1,13616,13480
1/2/2018,1,13610,13474
1/3/2018,1,13565,13431
1/4/2018,1,13541,13407
1/5/2018,1,13472,13338
1/8/2018,1,13464,13330
1/9/2018,1,13495,13361
1/10/2018,1,13516,13382
1/11/2018,1,13494,13360
1/12/2018,1,13429,13295
1/15/2018,1,13397,13263
1/16/2018,1,13400,13266
1/17/2018,1,13390,13256
1/18/2018,1,13432,13298
1/19/2018,1,13398,13264
1/22/2018,1,13401,13267
1/23/2018,1,13385,13251
1/24/2018,1,13388,13254
1/25/2018,1,13356,13224
1/26/2018,1,13370,13236
1/29/2018,1,13394,13260
1/30/2018,1,13465,13331
1/31/2018,1,13480,13346
2/1/2018,1,13469,13335
2/2/2018,1,13495,13361
2/5/2018,1,13565,13431
2/6/2018,1,13646,13510
2/7/2018,1,13601,13465
2/8/2018,1,13670,13534
2/9/2018,1,13711,13575
2/12/2018,1,13677,13541
2/13/2018,1,13712,13576
2/14/2018,1,13725,13589
2/15/2018,1,13638,13502
2/19/2018,1,13609,13473
2/20/2018,1,13641,13505
2/21/2018,1,13650,13514
2/22/2018,1,13733,13597
2/23/2018,1,13738,13602
2/26/2018,1,13727,13591
2/27/2018,1,13718,13582
2/28/2018,1,13776,13638
3/1/2018,1,13862,13724
3/2/2018,1,13815,13677
3/5/2018,1,13809,13671
3/6/2018,1,13819,13681
3/7/2018,1,13832,13694
3/8/2018,1,13843,13705
3/9/2018,1,13863,13725
3/12/2018,1,13837,13699
3/13/2018,1,13826,13688
3/14/2018,1,13808,13670
3/15/2018,1,13817,13679
3/16/2018,1,13834,13696
3/19/2018,1,13834,13696
3/20/2018,1,13830,13692
3/21/2018,1,13828,13690
3/22/2018,1,13806,13668
3/23/2018,1,13849,13711
3/26/2018,1,13845,13707
3/27/2018,1,13777,13639
3/28/2018,1,13814,13676
3/29/2018,1,13825,13687
4/2/2018,1,13819,13681
4/3/2018,1,13834,13696
4/4/2018,1,13829,13691
4/5/2018,1,13836,13698
4/6/2018,1,13840,13702
4/9/2018,1,13840,13702
4/10/2018,1,13828,13690
4/11/2018,1,13816,13678
4/12/2018,1,13832,13694
4/13/2018,1,13822,13684
4/16/2018,1,13835,13697
4/17/2018,1,13839,13701
4/18/2018,1,13839,13701
4/19/2018,1,13847,13709
4/20/2018,1,13873,13735
4/23/2018,1,13963,13825
4/24/2018,1,13970,13830
4/25/2018,1,13957,13819
4/26/2018,1,14000,13860
4/27/2018,1,13948,13810
4/30/2018,1,13946,13808
5/2/2018,1,14006,13866
5/3/2018,1,14035,13895
5/4/2018,1,14013,13873
5/7/2018,1,14026,13886
5/8/2018,1,14106,13966
5/9/2018,1,14144,14004
5/11/2018,1,14118,13978
5/14/2018,1,14046,13906
5/15/2018,1,14090,13950
5/16/2018,1,14164,14024
5/17/2018,1,14144,14004
5/18/2018,1,14178,14036
5/21/2018,1,14247,14105
5/22/2018,1,14249,14107
5/23/2018,1,14263,14121
5/24/2018,1,14276,14134
5/25/2018,1,14237,14095
5/28/2018,1,14135,13995
5/30/2018,1,14102,13962
5/31/2018,1,14021,13881
6/4/2018,1,13941,13803
6/5/2018,1,13956,13818
6/6/2018,1,13944,13806
6/7/2018,1,13937,13799
6/8/2018,1,13972,13832
6/19/2018,1,13972,13832
6/20/2018,1,13972,13832
6/21/2018,1,14160,14020
6/22/2018,1,14173,14031
6/25/2018,1,14176,14034
6/26/2018,1,14234,14092
6/27/2018,1,14234,14092
6/28/2018,1,14342,14200
6/29/2018,1,14476,14332
7/2/2018,1,14403,14259
7/3/2018,1,14490,14346
7/4/2018,1,14415,14271
7/5/2018,1,14459,14315
7/6/2018,1,14481,14337
7/9/2018,1,14404,14260
7/10/2018,1,14398,14254
7/11/2018,1,14463,14319
7/12/2018,1,14507,14363
7/13/2018,1,14430,14286
7/16/2018,1,14468,14324
7/17/2018,1,14463,14319
7/18/2018,1,14478,14334
7/19/2018,1,14490,14346
7/20/2018,1,14593,14447
7/23/2018,1,14526,14382
7/24/2018,1,14614,14468
7/25/2018,1,14588,14442
7/26/2018,1,14515,14371
7/27/2018,1,14555,14411
7/30/2018,1,14481,14337
7/31/2018,1,14485,14341
8/1/2018,1,14514,14370
8/2/2018,1,14518,14374
8/3/2018,1,14576,14430
8/6/2018,1,14553,14409
8/7/2018,1,14557,14413
8/8/2018,1,14511,14367
8/9/2018,1,14494,14350
8/10/2018,1,14509,14365
8/13/2018,1,14656,14510
8/14/2018,1,14698,14552
8/15/2018,1,14694,14548
8/16/2018,1,14692,14546
8/20/2018,1,14651,14505
8/21/2018,1,14641,14495
8/23/2018,1,14693,14547
8/24/2018,1,14728,14582
8/27/2018,1,14683,14537
8/28/2018,1,14687,14541
8/29/2018,1,14716,14570
8/30/2018,1,14728,14582
8/31/2018,1,14785,14637
9/3/2018,1,14841,14693
9/4/2018,1,14914,14766
9/5/2018,1,15002,14852
9/6/2018,1,14965,14817
9/7/2018,1,14958,14810
9/10/2018,1,14909,14761
9/12/2018,1,14937,14789
9/13/2018,1,14868,14720
9/14/2018,1,14909,14761
9/17/2018,1,14933,14785
9/18/2018,1,14983,14833
9/19/2018,1,14970,14822
9/20/2018,1,14913,14765
9/21/2018,1,14898,14750
9/24/2018,1,14939,14791
9/25/2018,1,14967,14819
9/26/2018,1,15013,14863
9/27/2018,1,14994,14844
9/28/2018,1,15004,14854
10/1/2018,1,14980,14830
10/2/2018,1,15063,14913
10/3/2018,1,15163,15013
10/4/2018,1,15209,15057
10/5/2018,1,15258,15106
10/8/2018,1,15269,15117
10/9/2018,1,15309,15157
10/10/2018,1,15291,15139
10/11/2018,1,15329,15177
10/12/2018,1,15270,15118
10/15/2018,1,15322,15170
10/16/2018,1,15282,15130
10/17/2018,1,15254,15102
10/18/2018,1,15263,15111
10/19/2018,1,15297,15145
10/22/2018,1,15268,15116
10/23/2018,1,15284,15132
10/24/2018,1,15269,15117
10/25/2018,1,15286,15134
10/26/2018,1,15283,15131
10/29/2018,1,15294,15142
10/30/2018,1,15313,15161
10/31/2018,1,15303,15151
11/1/2018,1,15271,15119
11/2/2018,1,15164,15014
11/5/2018,1,15047,14897
11/6/2018,1,14965,14817
11/7/2018,1,14838,14690
11/8/2018,1,14724,14578
11/9/2018,1,14705,14559
11/12/2018,1,14821,14673
11/13/2018,1,14969,14821
11/14/2018,1,14829,14681
11/15/2018,1,14838,14690
11/16/2018,1,14667,14521
11/19/2018,1,14659,14513
11/21/2018,1,14691,14545
11/22/2018,1,14665,14519
11/23/2018,1,14625,14479
11/26/2018,1,14624,14478
11/27/2018,1,14577,14431
11/28/2018,1,14608,14462
11/29/2018,1,14480,14336
11/30/2018,1,14411,14267
12/3/2018,1,14323,14181
12/4/2018,1,14364,14222
12/5/2018,1,14455,14311
12/6/2018,1,14580,14434
12/7/2018,1,14612,14466
12/10/2018,1,14590,14444
12/11/2018,1,14686,14540
12/12/2018,1,14650,14504
12/13/2018,1,14609,14463
12/14/2018,1,14611,14465
12/17/2018,1,14690,14544
12/18/2018,1,14596,14450
12/19/2018,1,14452,14308
12/20/2018,1,14571,14427
12/21/2018,1,14552,14408
12/26/2018,1,14675,14529
12/27/2018,1,14636,14490
12/28/2018,1,14615,14469
12/31/2018,1,14553,14409
1/2/2019,1,14537,14393
1/3/2019,1,14546,14402
1/4/2019,1,14422,14278
1/7/2019,1,14176,14034
1/8/2019,1,14101,13961
1/9/2019,1,14191,14049
1/10/2019,1,14163,14023
1/11/2019,1,14146,14006
1/14/2019,1,14122,13982
1/15/2019,1,14154,14014
1/16/2019,1,14225,14083
1/17/2019,1,14229,14087
1/18/2019,1,14253,14111
1/21/2019,1,14283,14141
1/22/2019,1,14292,14150
1/23/2019,1,14259,14117
1/24/2019,1,14212,14070
1/25/2019,1,14234,14092
1/28/2019,1,14108,13968
1/29/2019,1,14168,14028
1/30/2019,1,14183,14041
1/31/2019,1,14142,14002
2/1/2019,1,14048,13908
2/4/2019,1,14046,13906
2/6/2019,1,14017,13877
2/7/2019,1,14048,13908
2/8/2019,1,14062,13922
2/11/2019,1,14065,13925
2/12/2019,1,14158,14018
2/13/2019,1,14097,13957
2/14/2019,1,14163,14023
2/15/2019,1,14187,14045
2/18/2019,1,14177,14035
2/19/2019,1,14190,14048
2/20/2019,1,14125,13985
2/21/2019,1,14127,13987
2/22/2019,1,14149,14009
2/25/2019,1,14077,13937
2/26/2019,1,14060,13920
2/27/2019,1,14074,13934
2/28/2019,1,14132,13992
3/1/2019,1,14182,14040
3/4/2019,1,14220,14078
3/5/2019,1,14217,14075
3/6/2019,1,14200,14058
3/8/2019,1,14294,14152
3/11/2019,1,14396,14252
3/12/2019,1,14322,14180
3/13/2019,1,14340,14198
3/14/2019,1,14324,14182
3/15/2019,1,14382,14238
3/18/2019,1,14313,14171
3/19/2019,1,14299,14157
3/20/2019,1,14302,14160
3/21/2019,1,14173,14031
3/22/2019,1,14228,14086
3/25/2019,1,14294,14152
3/26/2019,1,14242,14100
3/27/2019,1,14273,14131
3/28/2019,1,14326,14184
3/29/2019,1,14315,14173
4/1/2019,1,14302,14160
4/2/2019,1,14308,14166
4/4/2019,1,14253,14111
4/5/2019,1,14229,14087
4/8/2019,1,14216,14074
4/9/2019,1,14221,14079
4/10/2019,1,14226,14084
4/11/2019,1,14227,14085
4/12/2019,1,14224,14082
4/15/2019,1,14137,13997
4/16/2019,1,14136,13996
4/18/2019,1,14086,13946
4/22/2019,1,14126,13986
4/23/2019,1,14150,14010
4/24/2019,1,14183,14041
4/25/2019,1,14225,14083
4/26/2019,1,14259,14117
4/29/2019,1,14259,14117
4/30/2019,1,14286,14144
5/2/2019,1,14316,14174
5/3/2019,1,14353,14211
5/6/2019,1,14380,14236
5/7/2019,1,14381,14237
5/8/2019,1,14377,14233
5/9/2019,1,14410,14266
5/10/2019,1,14419,14275
5/13/2019,1,14434,14290
5/14/2019,1,14516,14372
5/15/2019,1,14520,14376
5/16/2019,1,14530,14386
5/17/2019,1,14541,14397
5/20/2019,1,14550,14406
5/21/2019,1,14534,14390
5/22/2019,1,14560,14416
5/23/2019,1,14586,14440
5/24/2019,1,14523,14379
5/27/2019,1,14432,14288
5/28/2019,1,14452,14308
5/29/2019,1,14489,14345
5/31/2019,1,14457,14313
6/10/2019,1,14302,14160
6/11/2019,1,14329,14187
6/12/2019,1,14305,14163
6/13/2019,1,14341,14199
6/14/2019,1,14376,14232
6/17/2019,1,14418,14274
6/18/2019,1,14406,14262
6/19/2019,1,14342,14200
6/20/2019,1,14307,14165
6/21/2019,1,14187,14045
6/24/2019,1,14236,14094
6/25/2019,1,14209,14067
6/26/2019,1,14245,14103
6/27/2019,1,14251,14109
6/28/2019,1,14212,14070
7/1/2019,1,14188,14046
7/2/2019,1,14211,14069
7/3/2019,1,14231,14089
7/4/2019,1,14177,14035
7/5/2019,1,14219,14077
7/8/2019,1,14218,14076
7/9/2019,1,14200,14058
7/10/2019,1,14223,14081
7/11/2019,1,14159,14019
7/12/2019,1,14155,14015
7/15/2019,1,14040,13900
7/16/2019,1,13995,13855
7/17/2019,1,14019,13879
7/18/2019,1,14046,13906
7/19/2019,1,13983,13843
7/22/2019,1,14033,13893
7/23/2019,1,14043,13903
7/24/2019,1,14081,13941
7/25/2019,1,14056,13916
7/26/2019,1,14071,13931
7/29/2019,1,14080,13940
7/30/2019,1,14104,13964
7/31/2019,1,14096,13956
8/1/2019,1,14168,14028
8/2/2019,1,14274,14132
8/5/2019,1,14302,14160
8/6/2019,1,14416,14272
8/7/2019,1,14346,14204
8/8/2019,1,14302,14160
8/9/2019,1,14266,14124
8/12/2019,1,14291,14149
8/13/2019,1,14354,14212
8/14/2019,1,14305,14163
8/15/2019,1,14367,14225
8/16/2019,1,14329,14187
8/19/2019,1,14274,14132
8/20/2019,1,14333,14191
8/21/2019,1,14330,14188
8/22/2019,1,14305,14163
8/23/2019,1,14320,14178
8/26/2019,1,14332,14190
8/27/2019,1,14306,14164
8/28/2019,1,14334,14192
8/29/2019,1,14325,14183
8/30/2019,1,14308,14166
9/2/2019,1,14261,14119
9/3/2019,1,14288,14146
9/4/2019,1,14289,14147
9/5/2019,1,14224,14082
9/6/2019,1,14211,14069
9/9/2019,1,14162,14022
9/10/2019,1,14101,13961
9/11/2019,1,14133,13993
9/12/2019,1,14122,13982
9/13/2019,1,14020,13880
9/16/2019,1,14090,13950
9/17/2019,1,14171,14029
9/18/2019,1,14150,14010
9/19/2019,1,14169,14029
9/20/2019,1,14155,14015
9/23/2019,1,14147,14007
9/24/2019,1,14169,14029
9/25/2019,1,14205,14063
9/26/2019,1,14233,14091
9/27/2019,1,14268,14126
9/30/2019,1,14245,14103
10/1/2019,1,14267,14125
10/2/2019,1,14278,14136
10/3/2019,1,14264,14122
10/4/2019,1,14206,14064
10/7/2019,1,14227,14085
10/8/2019,1,14241,14099
10/9/2019,1,14253,14111
10/10/2019,1,14228,14086
10/11/2019,1,14210,14068
10/14/2019,1,14196.63,14055.37
10/15/2019,1,14210.7,14069.3
10/16/2019,1,14257.93,14116.07
10/17/2019,1,14242.86,14101.14
10/18/2019,1,14210.7,14069.3
10/21/2019,1,14202.66,14061.34
10/22/2019,1,14128.29,13987.71
10/23/2019,1,14121.25,13980.75
10/24/2019,1,14065.98,13926.02
10/25/2019,1,14134.32,13993.68
10/28/2019,1,14093.11,13952.89
10/29/2019,1,14098.14,13957.86
10/30/2019,1,14114.22,13973.78
10/31/2019,1,14078.04,13937.96
11/1/2019,1,14136.33,13995.67
11/4/2019,1,14072.01,13931.99
11/5/2019,1,14101.16,13960.85
11/6/2019,1,14061.96,13922.04
11/7/2019,1,14110.2,13969.8
11/8/2019,1,14090.1,13949.9
11/11/2019,1,14110.2,13969.8
11/12/2019,1,14129.3,13988.71
11/13/2019,1,14152.41,14011.59
11/14/2019,1,14168.49,14027.51
11/15/2019,1,14139.35,13998.66
11/18/2019,1,14145.38,14004.63
11/19/2019,1,14161.46,14020.55
11/20/2019,1,14167.49,14026.52
11/21/2019,1,14182.56,14041.44
11/22/2019,1,14170.5,14029.5
11/25/2019,1,14161.46,14020.55
11/26/2019,1,14151.41,14010.6
11/27/2019,1,14166.48,14025.52
11/28/2019,1,14169.5,14028.51
11/29/2019,1,14172.51,14031.49
12/2/2019,1,14192.61,14051.39
12/3/2019,1,14200.65,14059.35
12/4/2019,1,14195.63,14054.38
12/5/2019,1,14164.47,14023.53
12/6/2019,1,14107.19,13966.82
12/9/2019,1,14091.11,13950.9
12/10/2019,1,14074.02,13933.98
12/11/2019,1,14095.13,13954.88
12/12/2019,1,14112.21,13971.79
12/13/2019,1,14051.91,13912.09
12/16/2019,1,14074.02,13933.98
12/17/2019,1,14088.09,13947.91
12/18/2019,1,14077.04,13936.97
12/19/2019,1,14052.92,13913.09
12/20/2019,1,14062.97,13923.04
12/23/2019,1,14047.89,13908.11
12/26/2019,1,14051.91,13912.09
12/27/2019,1,14025.78,13886.22
12/30/2019,1,14014.73,13875.28
12/31/2019,1,13970.51,13831.5
1/2/2020,1,13964.48,13825.53
1/3/2020,1,13968.5,13829.51
1/6/2020,1,14030.81,13891.2
1/7/2020,1,13988.6,13849.41
1/8/2020,1,14003.67,13864.33
1/9/2020,1,13929.3,13790.7
1/10/2020,1,13881.06,13742.94
1/13/2020,1,13776.54,13639.46
1/14/2020,1,13722.27,13585.73
1/15/2020,1,13774.53,13637.47
1/16/2020,1,13726.29,13589.71
1/17/2020,1,13716.24,13579.76
1/20/2020,1,13722.27,13585.73
1/21/2020,1,13726.29,13589.71
1/22/2020,1,13746.39,13609.61
1/23/2020,1,13694.13,13557.87
1/24/2020,1,13700.16,13563.84
1/27/2020,1,13680.06,13543.94
1/28/2020,1,13715.24,13578.77
1/29/2020,1,13702.17,13565.83
1/30/2020,1,13720.26,13583.74
1/31/2020,1,13730.31,13593.69
2/3/2020,1,13794.63,13657.37
2/4/2020,1,13828.8,13691.2
2/5/2020,1,13785.59,13648.42
2/6/2020,1,13730.31,13593.69
2/7/2020,1,13715.24,13578.77
2/10/2020,1,13776.54,13639.46
2/11/2020,1,13754.43,13617.57
2/12/2020,1,13727.3,13590.71
2/13/2020,1,13747.4,13610.61
2/14/2020,1,13775.54,13638.47
2/17/2020,1,13761.47,13624.54
2/18/2020,1,13744.38,13607.62
2/19/2020,1,13785.59,13648.42
2/20/2020,1,13803.68,13666.33
2/21/2020,1,13845.89,13708.12
2/24/2020,1,13932.32,13793.69
2/25/2020,1,13962.47,13823.54
2/26/2020,1,14035.83,13896.17
2/27/2020,1,14088.09,13947.91
2/28/2020,1,14305.17,14162.83
3/2/2020,1,14485.07,14340.94
3/3/2020,1,14293.11,14150.89
3/4/2020,1,14241.86,14100.15
3/5/2020,1,14238.84,14097.16
3/6/2020,1,14338.34,14195.67
3/9/2020,1,14413.71,14270.29
3/10/2020,1,14483.06,14338.95
3/11/2020,1,14394.62,14251.39
3/12/2020,1,14562.45,14417.55
3/13/2020,1,14889.08,14740.93
3/16/2020,1,14892.09,14743.91
3/17/2020,1,15158.42,15007.59
3/18/2020,1,15299.12,15146.89
3/19/2020,1,15790.56,15633.44
3/20/2020,1,16354.37,16191.64
3/23/2020,1,16691.04,16524.96
3/24/2020,1,16568.43,16403.57
3/26/2020,1,16409.64,16246.36
3/27/2020,1,16311.15,16148.85
3/30/2020,1,16417.68,16254.32
3/31/2020,1,16448.84,16285.17
4/1/2020,1,16495.07,16330.94
4/2/2020,1,16824.71,16657.3
4/3/2020,1,16546.32,16381.68
4/6/2020,1,16638.78,16473.22
4/7/2020,1,16492.05,16327.95
4/8/2020,1,16326.23,16163.78
4/9/2020,1,16322.21,16159.8
4/13/2020,1,15919.2,15760.8
4/14/2020,1,15800.61,15643.39
4/15/2020,1,15785.54,15628.47
4/16/2020,1,15865.94,15708.07
4/17/2020,1,15580.52,15425.49
4/20/2020,1,15620.72,15465.29
4/21/2020,1,15721.22,15564.79
4/22/2020,1,15644.84,15489.17
4/23/2020,1,15708.15,15551.85
4/24/2020,1,15630.77,15475.24
4/27/2020,1,15668.96,15513.05
4/28/2020,1,15565.44,15410.56
4/29/2020,1,15492.08,15337.93
4/30/2020,1,15232.79,15081.22
5/4/2020,1,15148.37,14997.64
5/5/2020,1,15179.52,15028.48
5/6/2020,1,15202.64,15051.37
5/8/2020,1,15084.05,14933.96
5/11/2020,1,15010.68,14861.32
5/12/2020,1,15052.89,14903.11
5/13/2020,1,14961.44,14812.57
5/14/2020,1,15020.73,14871.27
5/15/2020,1,14983.55,14834.46
5/18/2020,1,14959.43,14810.58
5/19/2020,1,14897.12,14748.89
5/20/2020,1,14858.93,14711.08
5/26/2020,1,14847.87,14700.13
5/27/2020,1,14834.81,14687.2
5/28/2020,1,14842.85,14695.16
5/29/2020,1,14806.67,14659.34
6/2/2020,1,14574.51,14429.49
6/3/2020,1,14316.23,14173.78
6/4/2020,1,14235.83,14094.18
6/5/2020,1,14170.5,14029.5
6/8/2020,1,14025.78,13886.22
6/9/2020,1,14042.87,13903.14
6/10/2020,1,14153.42,14012.59
6/11/2020,1,14084.07,13943.93
6/12/2020,1,14328.29,14185.72
6/15/2020,1,14299.14,14156.86
6/16/2020,1,14225.78,14084.23
6/17/2020,1,14305.17,14162.83
6/18/2020,1,14256.93,14115.07
6/19/2020,1,14313.21,14170.79
6/22/2020,1,14280.05,14137.96
6/23/2020,1,14336.33,14193.68
6/24/2020,1,14230.8,14089.2
6/25/2020,1,14302.16,14159.85
6/26/2020,1,14310.2,14167.81
6/29/2020,1,14440.85,14297.16
6/30/2020,1,14373.51,14230.49
7/1/2020,1,14412.71,14269.3
7/2/2020,1,14588.58,14443.42
7/3/2020,1,14638.83,14493.17
7/6/2020,1,14619.74,14474.27
7/7/2020,1,14528.28,14383.72
7/8/2020,1,14532.3,14387.7
7/9/2020,1,14518.23,14373.77
7/10/2020,1,14573.51,14428.5
7/13/2020,1,14558.43,14413.57
7/14/2020,1,14584.56,14439.44
7/15/2020,1,14689.08,14542.92
7/16/2020,1,14705.16,14558.84
7/17/2020,1,14853.9,14706.1
7/20/2020,1,14906.16,14757.84
7/21/2020,1,14887.07,14738.94
7/22/2020,1,14728.28,14581.73
7/23/2020,1,14742.35,14595.66
7/24/2020,1,14687.07,14540.93
7/27/2020,1,14678.03,14531.98
7/28/2020,1,14615.72,14470.29
7/29/2020,1,14642.85,14497.15
7/30/2020,1,14726.27,14579.74
8/3/2020,1,14786.57,14639.44
8/4/2020,1,14770.49,14623.52
8/5/2020,1,14696.12,14549.89
8/6/2020,1,14659.94,14514.07
8/7/2020,1,14720.24,14573.77
8/10/2020,1,14823.75,14676.25
8/11/2020,1,14801.64,14654.36
8/12/2020,1,14850.89,14703.12
8/13/2020,1,14951.39,14802.62
8/14/2020,1,14991.59,14842.42
8/18/2020,1,14981.54,14832.47
8/19/2020,1,14859.93,14712.07
8/24/2020,1,14867.97,14720.03
8/25/2020,1,14705.16,14558.84
8/26/2020,1,14709.18,14562.82
8/27/2020,1,14787.57,14640.43
8/28/2020,1,14775.51,14628.49
8/31/2020,1,14626.77,14481.23
9/1/2020,1,14688.08,14541.93
9/2/2020,1,14878.02,14729.98
9/3/2020,1,14892.09,14743.91
9/4/2020,1,14865.96,14718.04
9/7/2020,1,14827.77,14680.23
9/8/2020,1,14871.99,14724.01
9/9/2020,1,14927.27,14778.74
9/10/2020,1,14945.36,14796.65
9/11/2020,1,15053.9,14904.11
9/14/2020,1,15048.87,14899.13
9/15/2020,1,14944.35,14795.65
9/16/2020,1,14918.22,14769.78
9/17/2020,1,14952.39,14803.61
9/18/2020,1,14841.84,14694.16
9/21/2020,1,14796.62,14649.39
9/22/2020,1,14855.91,14708.09
9/23/2020,1,14909.18,14760.83
9/24/2020,1,15023.75,14874.26
9/25/2020,1,15025.76,14876.25
9/28/2020,1,15033.8,14884.21
9/29/2020,1,14994.6,14845.4
9/30/2020,1,14992.59,14843.41
10/1/2020,1,14950.38,14801.62
10/2/2020,1,14964.45,14815.55
10/5/2020,1,14941.34,14792.67
10/6/2020,1,14785.56,14638.44
10/7/2020,1,14857.92,14710.08
10/8/2020,1,14823.75,14676.25
10/9/2020,1,14810.69,14663.32
10/12/2020,1,14819.73,14672.27
10/13/2020,1,14866.97,14719.04
10/14/2020,1,14853.9,14706.1
10/15/2020,1,14833.8,14686.2
10/16/2020,1,14839.83,14692.17
10/19/2020,1,14814.71,14667.3
10/20/2020,1,14802.65,14655.36
10/21/2020,1,14731.29,14584.71
10/22/2020,1,14770.49,14623.52
10/23/2020,1,14811.69,14664.31
10/26/2020,1,14770.49,14623.52
10/27/2020,1,14763.45,14616.55
10/28/2020,1,14763.45,14616.55
10/29/2020,1,14763.45,14616.55
10/30/2020,1,14763.45,14616.55
11/2/2020,1,14791.59,14644.41
11/3/2020,1,14682.05,14535.96
11/4/2020,1,14629.79,14484.22
11/5/2020,1,14511.2,14366.81
11/6/2020,1,14392.61,14249.4
11/9/2020,1,14242.86,14101.14
11/10/2020,1,14085.08,13944.93
11/11/2020,1,14146.38,14005.62
11/12/2020,1,14257.94,14116.07
11/13/2020,1,14293.11,14150.89
11/16/2020,1,14209.7,14068.31
11/17/2020,1,14143.37,14002.64
11/18/2020,1,14188.59,14047.41
11/19/2020,1,14237.84,14096.17
11/20/2020,1,14299.14,14156.86
11/23/2020,1,14234.82,14093.18
11/24/2020,1,14266.98,14125.02
11/25/2020,1,14239.85,14098.16
11/26/2020,1,14200.65,14059.35
11/27/2020,1,14215.73,14074.28
11/30/2020,1,14198.64,14057.36
12/1/2020,1,14248.89,14107.11
12/2/2020,1,14234.82,14093.18
12/3/2020,1,14247.89,14106.12
12/4/2020,1,14252.91,14111.09
12/7/2020,1,14205.68,14064.33
12/8/2020,1,14234.82,14093.18
12/9/2020,1,14234.82,14093.18
12/10/2020,1,14200.65,14059.35
12/11/2020,1,14172.51,14031.49
12/14/2020,1,14228.79,14087.21
12/15/2020,1,14241.86,14100.15
12/16/2020,1,14221.76,14080.25
12/17/2020,1,14222.76,14081.24
12/18/2020,1,14216.73,14075.27
12/21/2020,1,14250.9,14109.1
12/22/2020,1,14289.09,14146.91
12/23/2020,1,14353.41,14210.59
12/24/2020,1,14353.41,14210.59
12/25/2020,1,14353.41,14210.59
12/28/2020,1,14254.92,14113.08
12/29/2020,1,14239.85,14098.16
12/30/2020,1,14175.53,14034.48
12/31/2020,1,14175.53,14034.48
1/4/2021,1,13972.52,13833.49
1/5/2021,1,14014.73,13875.28
1/6/2021,1,13995.63,13856.37
1/7/2021,1,14007.69,13868.31
1/8/2021,1,14128.29,13987.71
1/11/2021,1,14225.78,14084.23
1/12/2021,1,14302.16,14159.85
1/13/2021,1,14179.55,14038.46
1/14/2021,1,14189.6,14048.41
1/15/2021,1,14138.34,13997.66
1/18/2021,1,14150.4,14009.6
1/19/2021,1,14156.43,14015.57
1/20/2021,1,14135.33,13994.68
1/21/2021,1,14109.2,13968.81
1/22/2021,1,14124.27,13983.73
1/25/2021,1,14152.41,14011.59
1/26/2021,1,14156.43,14015.57
1/27/2021,1,14161.46,14020.55
1/28/2021,1,14189.6,14048.41
1/29/2021,1,14154.42,14013.58
2/1/2021,1,14112.21,13971.79
2/2/2021,1,14114.22,13973.78
2/3/2021,1,14087.09,13946.92
2/4/2021,1,14106.18,13965.82
2/5/2021,1,14132.31,13991.69
2/8/2021,1,14070,13930
2/9/2021,1,14070,13930
2/10/2021,1,14058.95,13919.06
2/11/2021,1,14081.06,13940.95
2/12/2021,1,14081.06,13940.95
2/15/2021,1,14015.73,13876.27
2/16/2021,1,13944.38,13805.63
2/17/2021,1,14089.1,13948.91
2/18/2021,1,14129.3,13988.71
2/19/2021,1,14155.43,14014.58
2/22/2021,1,14168.49,14027.51
2/23/2021,1,14196.63,14055.37
2/24/2021,1,14159.45,14018.56
2/25/2021,1,14174.52,14033.48
2/26/2021,1,14300.15,14157.86
3/1/2021,1,14371.5,14228.5
3/2/2021,1,14378.54,14235.47
3/3/2021,1,14405.67,14262.33
3/4/2021,1,14370.5,14227.51
3/5/2021,1,14442.86,14299.15
3/8/2021,1,14461.95,14318.05
3/9/2021,1,14540.34,14395.66
3/10/2021,1,14493.11,14348.9
3/11/2021,1,14493.11,14348.9
3/12/2021,1,14442.86,14299.15
3/15/2021,1,14490.09,14345.91
3/16/2021,1,14496.12,14351.88
3/17/2021,1,14531.3,14386.71
3/18/2021,1,14484.06,14339.94
3/19/2021,1,14548.38,14403.62
3/22/2021,1,14528.28,14383.72
3/23/2021,1,14493.11,14348.9
3/24/2021,1,14527.28,14382.73
3/25/2021,1,14536.32,14391.68
3/26/2021,1,14518.23,14373.77
3/29/2021,1,14506.17,14361.83
3/30/2021,1,14553.41,14408.6
3/31/2021,1,14644.86,14499.14
4/1/2021,1,14649.89,14504.12
4/2/2021,1,14649.89,14504.12
4/5/2021,1,14656.92,14511.08
4/6/2021,1,14605.67,14460.34
4/7/2021,1,14591.6,14446.41
4/8/2021,1,14585.57,14440.44
4/9/2021,1,14652.9,14507.1
4/12/2021,1,14652.9,14507.1
4/13/2021,1,14704.16,14557.85
4/14/2021,1,14721.24,14574.76
4/15/2021,1,14706.17,14559.84
4/16/2021,1,14719.23,14572.77
4/19/2021,1,14664.96,14519.04
4/20/2021,1,14640.84,14495.16
4/21/2021,1,14580.54,14435.46
4/22/2021,1,14621.75,14476.26
4/23/2021,1,14602.65,14457.35
4/26/2021,1,14620.74,14475.26
4/27/2021,1,14561.45,14416.56
4/28/2021,1,14569.49,14424.52
4/29/2021,1,14582.55,14437.45
4/30/2021,1,14540.34,14395.66
5/3/2021,1,14525.27,14380.74
5/4/2021,1,14539.34,14394.67
5/5/2021,1,14503.16,14358.85
5/6/2021,1,14511.2,14366.81
5/7/2021,1,14435.82,14292.18
5/10/2021,1,14360.45,14217.56
5/11/2021,1,14268.99,14127.01
5/12/2021,1,14268.99,14127.01
5/13/2021,1,14268.99,14127.01
5/14/2021,1,14268.99,14127.01
5/17/2021,1,14274.02,14131.99
5/18/2021,1,14355.42,14212.58
5/19/2021,1,14371.5,14228.5
5/20/2021,1,14384.57,14241.44
5/21/2021,1,14467.98,14324.02
5/24/2021,1,14446.88,14303.13
5/25/2021,1,14433.81,14290.19
5/26/2021,1,14433.81,14290.19
5/27/2021,1,14406.68,14263.33
5/28/2021,1,14383.56,14240.44
5/31/2021,1,14381.55,14238.45
6/1/2021,1,14381.55,14238.45
6/2/2021,1,14363.46,14220.54
6/3/2021,1,14347.38,14204.62
6/4/2021,1,14368.49,14225.52
6/7/2021,1,14387.58,14244.42
6/8/2021,1,14342.36,14199.65
6/9/2021,1,14333.31,14190.69
6/10/2021,1,14333.31,14190.69
6/11/2021,1,14311.2,14168.8
6/14/2021,1,14277.03,14134.97
6/15/2021,1,14293.11,14150.89
6/16/2021,1,14315.22,14172.78
6/17/2021,1,14328.29,14185.72
6/18/2021,1,14449.89,14306.11
6/21/2021,1,14475.02,14330.99
6/22/2021,1,14525.27,14380.74
6/23/2021,1,14493.11,14348.9
6/24/2021,1,14526.27,14381.73
6/25/2021,1,14534.31,14389.69
6/28/2021,1,14519.24,14374.77
6/29/2021,1,14544.36,14399.64
6/30/2021,1,14568.48,14423.52
7/1/2021,1,14614.71,14469.29
7/2/2021,1,14611.7,14466.31
7/5/2021,1,14636.82,14491.18
7/6/2021,1,14554.41,14409.59
7/7/2021,1,14540.34,14395.66
7/8/2021,1,14572.5,14427.5
7/9/2021,1,14620.74,14475.26
7/12/2021,1,14620.74,14475.26
7/13/2021,1,14558.43,14413.57
7/14/2021,1,14558.43,14413.57
7/15/2021,1,14565.47,14420.54
7/16/2021,1,14575.52,14430.49
7/19/2021,1,14589.59,14444.42
7/21/2021,1,14596.62,14451.38
7/22/2021,1,14626.77,14481.23
7/23/2021,1,14580.54,14435.46
7/26/2021,1,14573.51,14428.5
7/27/2021,1,14566.47,14421.53
7/28/2021,1,14561.45,14416.56
7/29/2021,1,14570.49,14425.51
7/30/2021,1,14563.46,14418.55
8/2/2021,1,14534.31,14389.69
8/3/2021,1,14528.28,14383.72
8/4/2021,1,14433.81,14290.19
8/5/2021,1,14395.62,14252.38
8/6/2021,1,14413.71,14270.29
8/9/2021,1,14440.85,14297.16
8/10/2021,1,14449.89,14306.11
8/12/2021,1,14468.99,14325.02
8/13/2021,1,14460.95,14317.06
8/16/2021,1,14459.94,14316.06
8/18/2021,1,14454.92,14311.09
8/19/2021,1,14455.92,14312.08
8/20/2021,1,14486.07,14341.93
8/23/2021,1,14536.32,14391.68
8/24/2021,1,14487.08,14342.93
8/25/2021,1,14462.96,14319.05
8/26/2021,1,14480.04,14335.96
8/27/2021,1,14495.12,14350.89
8/30/2021,1,14503.16,14358.85
8/31/2021,1,14445.87,14302.13
9/1/2021,1,14377.53,14234.47
9/2/2021,1,14355.42,14212.58
9/3/2021,1,14352.41,14209.6
9/6/2021,1,14332.31,14189.7
9/7/2021,1,14310.2,14167.81
9/8/2021,1,14265.98,14124.03
9/9/2021,1,14337.33,14194.67
9/10/2021,1,14343.36,14200.64
9/13/2021,1,14296.13,14153.88
9/14/2021,1,14331.3,14188.7
9/15/2021,1,14328.29,14185.72
9/16/2021,1,14323.26,14180.74
9/17/2021,1,14309.19,14166.81
9/20/2021,1,14304.17,14161.84
9/21/2021,1,14322.26,14179.75
9/22/2021,1,14315.22,14172.78
9/23/2021,1,14320.25,14177.76
9/24/2021,1,14327.28,14184.72
9/27/2021,1,14321.25,14178.75
9/28/2021,1,14329.29,14186.71
9/29/2021,1,14340.35,14197.66
9/30/2021,1,14378.54,14235.47
10/1/2021,1,14392.61,14249.4
10/4/2021,1,14386.58,14243.43
10/5/2021,1,14347.38,14204.62
10/6/2021,1,14331.3,14188.7
10/7/2021,1,14316.23,14173.78
10/8/2021,1,14309.19,14166.81
10/11/2021,1,14296.13,14153.88
10/12/2021,1,14281.05,14138.95
10/13/2021,1,14288.09,14145.92
10/14/2021,1,14292.11,14149.9
10/15/2021,1,14225.78,14084.23
10/18/2021,1,14154.42,14013.58
10/19/2021,1,14166.48,14025.52
10/21/2021,1,14150.4,14009.6
10/22/2021,1,14203.67,14062.34
10/25/2021,1,14232.81,14091.19
10/26/2021,1,14253.92,14112.09
10/27/2021,1,14235.83,14094.18
10/28/2021,1,14254.92,14113.08
10/29/2021,1,14270,14128.01
11/1/2021,1,14241.86,14100.15
11/2/2021,1,14306.18,14163.83
11/3/2021,1,14332.31,14189.7
11/4/2021,1,14372.51,14229.5
11/5/2021,1,14398.64,14255.37
11/8/2021,1,14445.87,14302.13
11/9/2021,1,14339.34,14196.66
11/10/2021,1,14304.17,14161.84
11/11/2021,1,14324.27,14181.74
11/12/2021,1,14359.44,14216.56
11/15/2021,1,14314.22,14171.79
11/16/2021,1,14277.03,14134.97
11/17/2021,1,14282.06,14139.95
11/18/2021,1,14330.3,14187.71
11/19/2021,1,14302.16,14159.85
11/22/2021,1,14308.19,14165.82
11/23/2021,1,14326.28,14183.73
11/24/2021,1,14343.36,14200.64
11/25/2021,1,14343.36,14200.64
11/26/2021,1,14351.4,14208.6
11/29/2021,1,14351.4,14208.6
11/30/2021,1,14411.7,14268.3
12/1/2021,1,14391.6,14248.4
12/2/2021,1,14424.77,14281.24
12/3/2021,1,14449.89,14306.11
12/6/2021,1,14480.04,14335.96
12/7/2021,1,14513.21,14368.8
12/8/2021,1,14480.04,14335.96
12/9/2021,1,14419.74,14276.26
12/10/2021,1,14422.76,14279.25
12/13/2021,1,14449.89,14306.11
12/14/2021,1,14417.73,14274.27
12/15/2021,1,14419.74,14276.26
12/16/2021,1,14408.69,14265.32
12/17/2021,1,14414.72,14271.29
12/20/2021,1,14414.72,14271.29
12/21/2021,1,14455.92,14312.08
